-1,-0.64,-0.86437,-1,-0.37037,000.2,000.3,-0.461594,-1,-0.583969,-0.425532,01,-0.82064,24
-0.999528,-1,-0.515396,-1,-0.654321,000.1,000.6,-0.302076,-0.913043,-0.790076,00.1,01,-0.59106,21.6
-0.999529,-1,-0.515396,-1,-0.654321,000.4,000.2,-0.302076,-0.913043,-0.790076,00.1,01.0,-0.873068,34.7
-0.999414,-1,-0.8739,-1,-0.699588,000.3,-0.116375,-0.102911,-0.826087,-0.866412,00.3,01.0,-0.933223,33.4
-0.99859,-1,-0.8739,-1,-0.699588,000.4,000.1,-0.102911,-0.826087,-0.866412,00.3,01,-0.801325,36.2
-0.999471,-1,-0.8739,-1,-0.699588,000.1,000.1,-0.102911,-0.826087,-0.866412,00.3,01.0,-0.807947,28.7
-0.998157,-0.75,-0.456745,-1,-0.427984,-0.0607396,000.3,-0.194155,-0.652174,-0.526718,-0.446809,01.0,-0.409492,22.9
-0.996893,-0.75,-0.456745,-1,-0.427984,000.0,000.9,-0.123226,-0.652174,-0.526718,-0.446809,01,-0.0386313,27.1
-0.995393,-0.75,-0.456745,-1,-0.427984,-0.206745,01,-0.0992916,-0.652174,-0.526718,-0.446809,00.9,00.6,16.5
-0.99632,-0.75,-0.456745,-1,-0.427984,-0.0638053,000.7,-0.00653821,-0.652174,-0.526718,-0.446809,00.9,-0.151766,18.9
-0.995087,-0.75,-0.456745,-1,-0.427984,000.1,000.9,-0.051169,-0.652174,-0.526718,-0.446809,01.0,00.0,15
-0.997501,-0.75,-0.456745,-1,-0.427984,-0.0618893,000.6,-0.0729933,-0.652174,-0.526718,-0.446809,01,-0.363135,18.9
-0.998034,-0.75,-0.456745,-1,-0.427984,-0.107875,-0.256437,-0.214088,-0.652174,-0.526718,-0.446809,01.0,-0.228477,21.7
-0.985985,-1,-0.43695,-1,-0.37037,-0.0848822,000.2,-0.349289,-0.73913,-0.541985,00.8,01,-0.639625,20.4
-0.985801,-1,-0.43695,-1,-0.37037,-0.0285495,000.7,-0.393956,-0.73913,-0.541985,00.8,00.9,-0.529249,18.2
-0.986039,-1,-0.43695,-1,-0.37037,-0.128952,000.1,-0.387282,-0.73913,-0.541985,00.8,01.0,-0.628035,19.9
-0.97645,-1,-0.43695,-1,-0.37037,-0.0902472,-0.456231,-0.387282,-0.73913,-0.541985,00.8,00.9,-0.73234,23.1
-0.982514,-1,-0.43695,-1,-0.37037,-0.0691703,000.6,-0.431058,-0.73913,-0.541985,00.8,00.9,-0.285872,17.5
-0.982098,-1,-0.43695,-1,-0.37037,-0.273807,-0.30587,-0.514972,-0.73913,-0.541985,00.8,00.5,-0.450331,20.2
-0.983826,-1,-0.43695,-1,-0.37037,-0.169956,000.4,-0.514972,-0.73913,-0.541985,00.8,01.0,-0.472958,18.2
-0.972002,-1,-0.43695,-1,-0.37037,-0.230121,001.0,-0.514718,-0.73913,-0.541985,00.8,00.9,00.1,13.6
-0.980989,-1,-0.43695,-1,-0.37037,-0.0787507,000.8,-0.475725,-0.73913,-0.541985,00.8,01.0,-0.33223,19.6
-0.972437,-1,-0.43695,-1,-0.37037,-0.0109216,000.8,-0.482163,-0.73913,-0.541985,00.8,01,-0.062362,15.2
-0.977923,-1,-0.43695,-1,-0.37037,-0.136999,01,-0.460648,-0.73913,-0.541985,00.8,01.0,00.0,14.5
-0.983277,-1,-0.43695,-1,-0.37037,-0.0944625,000.9,-0.405287,-0.73913,-0.541985,00.8,01.0,-0.195916,15.6
-0.981247,-1,-0.43695,-1,-0.37037,-0.219007,000.7,-0.395284,-0.73913,-0.541985,00.8,00.5,-0.184327,13.9
-0.985038,-1,-0.43695,-1,-0.37037,-0.136999,000.8,-0.353927,-0.73913,-0.541985,00.8,00.9,-0.278146,16.6
-0.978657,-1,-0.43695,-1,-0.37037,-0.0473271,000.8,-0.395502,-0.73913,-0.541985,00.8,00.5,-0.141832,14.8
-0.982766,-1,-0.43695,-1,-0.37037,000.1,000.9,-0.395266,-0.73913,-0.541985,00.8,01.0,-0.389073,18.4
-0.977607,-1,-0.43695,-1,-0.37037,000.2,000.7,-0.434495,-0.73913,-0.541985,00.8,00.9,-0.434327,21
-0.974722,-1,-0.43695,-1,-0.37037,-0.175321,000.9,-0.435586,-0.73913,-0.541985,00.8,00.8,00.2,12.7
-0.969689,-1,-0.43695,-1,-0.37037,-0.0377467,01,-0.446135,-0.73913,-0.541985,00.8,00.9,-0.375828,14.5
-0.968941,-1,-0.43695,-1,-0.37037,-0.0844989,000.6,-0.479781,-0.73913,-0.541985,00.8,00.2,00.4,13.2
-0.974252,-1,-0.43695,-1,-0.37037,-0.17992,000.9,-0.516664,-0.73913,-0.541985,00.8,00.8,-0.0827815,13.1
-0.963887,-1,-0.43695,-1,-0.37037,-0.0285495,000.9,-0.521647,-0.73913,-0.541985,00.8,00.3,00.0,13.5
-0.9987,-1,-0.596774,-1,-0.530864,-0.0910136,000.3,-0.594304,-0.652174,-0.648855,00.4,01,-0.561258,18.9
-0.997952,-1,-0.596774,-1,-0.530864,-0.126269,000.2,-0.591103,-0.652174,-0.648855,00.4,00.9,-0.465784,20
-0.998341,-1,-0.596774,-1,-0.530864,-0.12282,-0.204943,-0.489929,-0.652174,-0.648855,00.4,01,-0.611479,21
-0.996207,-1,-0.596774,-1,-0.530864,-0.0783675,-0.437693,-0.505733,-0.652174,-0.648855,00.4,01.0,-0.536424,24.7
-0.999521,000.5,-0.817449,-1,-0.823045,000.2,-0.610711,-0.223145,-0.826087,-0.751908,00.2,01.0,-0.857064,30.8
-0.999387,000.5,-0.817449,-1,-0.823045,000.3,-0.734295,-0.223145,-0.826087,-0.751908,00.2,01.0,-0.986203,34.9
-0.997277,-1,-0.527126,-1,-0.740741,000.2,-1,-0.164983,-0.826087,-0.824427,00.1,00.9,-0.828366,26.6
-0.996961,-1,-0.527126,-1,-0.740741,-0.000574823,-0.92379,-0.164983,-0.826087,-0.824427,00.1,00.9,-0.774834,25.3
-0.99656,-1,-0.527126,-1,-0.740741,000.0,-0.92585,-0.164983,-0.826087,-0.824427,00.1,01.0,-0.684879,24.7
-0.997384,-1,-0.527126,-1,-0.740741,-0.0388963,-0.235839,-0.164983,-0.826087,-0.824427,00.1,01.0,-0.568433,21.2
-0.996289,-1,-0.527126,-1,-0.740741,-0.187201,-0.363543,-0.277833,-0.826087,-0.824427,00.1,01,-0.532009,19.3
-0.995908,-1,-0.527126,-1,-0.740741,-0.147346,-0.373841,-0.277833,-0.826087,-0.824427,00.1,01,-0.31457,20
-0.994988,-1,-0.527126,-1,-0.740741,-0.0538417,000.7,-0.170712,-0.826087,-0.824427,00.1,01.0,-0.057947,16.6
-0.994435,-1,-0.527126,-1,-0.740741,-0.295651,000.9,-0.137866,-0.826087,-0.824427,00.1,01,00.6,14.4
-0.995202,-1,-0.527126,-1,-0.740741,-0.217858,000.2,-0.0982731,-0.826087,-0.824427,00.1,01,-0.201435,19.4
-0.998147,-0.58,-0.620235,-1,-0.777778,-0.0795171,-0.118435,000.0,-0.73913,-0.78626,-0.106383,01.0,-0.353201,19.7
-0.999167,-0.58,-0.620235,-1,-0.777778,-0.0212684,000.2,000.0,-0.73913,-0.78626,-0.106383,01.0,-0.575055,20.5
-0.998937,-0.58,-0.620235,-1,-0.777778,000.1,-0.625129,000.0,-0.73913,-0.78626,-0.106383,01,-0.804084,25
-0.999022,-0.58,-0.620235,-1,-0.777778,-0.0661046,-0.61895,000.0,-0.73913,-0.78626,-0.106383,01,-0.630243,23.4
-0.999836,000.5,-0.740469,-1,-0.897119,-0.108258,-0.0792997,000.1,-0.826087,00.1,00.8,01,-0.278698,18.9
-0.999847,000.8,-0.944282,-1,-0.925926,000.4,-0.608651,000.4,-0.652174,-0.851145,00.1,01.0,-0.830022,35.4
-0.99968,000.7,-0.979472,-1,-0.897119,000.1,-0.324408,000.5,-0.913043,-0.519084,2.22045e-16,01,-0.777042,24.7
-0.99982,01,-0.93695,-1,-0.893004,000.2,-0.225541,000.3,-0.652174,-0.736641,-0.468085,01.0,-0.877483,31.6
-0.99667,-0.5,-0.657625,-1,-0.720165,-0.00977199,-0.45829,000.2,-0.391304,-0.629771,00.5,01.0,-0.716887,23.3
-0.99782,-0.5,-0.657625,-1,-0.720165,-0.0933129,-0.0875386,000.1,-0.391304,-0.629771,00.5,01,-0.586645,19.6
-0.996785,-0.5,-0.657625,-1,-0.720165,-0.164591,000.3,000.1,-0.391304,-0.629771,00.5,01.0,-0.369757,18.7
-0.996282,-0.5,-0.657625,-1,-0.720165,-0.0783675,000.9,000.0,-0.391304,-0.629771,00.5,00.9,-0.298565,16
-0.997663,-0.5,-0.657625,-1,-0.720165,000.1,000.3,000.1,-0.391304,-0.629771,00.5,01,-0.724062,22.2
-0.997298,-0.5,-0.657625,-1,-0.720165,000.2,-0.165808,000.2,-0.391304,-0.629771,00.5,01.0,-0.571192,25
-0.999703,-0.65,-0.932551,-1,-0.872016,000.4,000.2,000.5,-0.826087,-0.889313,00.3,01.0,-0.651214,33
-0.999336,000.6,-0.786657,-1,-0.946502,000.0,-0.6931,-0.00300994,-0.73913,-0.427481,-0.255319,01,-0.837748,23.5
-0.999158,000.6,-0.786657,-1,-0.946502,-0.146963,-0.419156,-0.00300994,-0.73913,-0.427481,-0.255319,01,-0.530353,19.4
-0.998841,-0.75,-0.58871,-1,-0.901235,-0.11209,-0.61895,-0.0236521,-0.73913,-0.396947,00.3,01.0,-0.648455,22
-0.997095,-0.75,-0.58871,-1,-0.901235,-0.220924,-0.301751,-0.0236521,-0.73913,-0.396947,00.3,01,-0.373068,17.4
-0.997261,-0.75,-0.58871,-1,-0.901235,-0.109408,-0.380021,-0.0236521,-0.73913,-0.396947,00.3,01,-0.610375,20.9
-0.998158,-1,-0.241202,-1,-0.884774,000.1,-0.92379,-0.243841,-0.73913,-0.549618,00.4,00.9,-0.724614,24.2
-0.996573,-1,-0.241202,-1,-0.884774,-0.0802836,-0.699279,-0.243841,-0.73913,-0.549618,00.4,00.9,-0.550221,21.7
-0.998082,-1,-0.241202,-1,-0.884774,-0.0404292,-0.899073,-0.243841,-0.73913,-0.549618,00.4,01.0,-0.790839,22.8
-0.99575,-1,-0.241202,-1,-0.884774,000.0,-0.932029,-0.243841,-0.73913,-0.549618,00.4,00.9,-0.67936,23.4
-0.998367,-1,-0.0931085,-1,-0.786008,000.0,-0.936148,-0.432222,-0.652174,-0.194656,00.3,01.0,-0.721302,24.1
-0.998004,-1,-0.0931085,-1,-0.786008,000.0,-0.132853,-0.386554,-0.652174,-0.194656,00.3,00.9,-0.602097,21.4
-0.99786,-1,-0.0931085,-1,-0.786008,000.0,000.5,-0.468468,-0.652174,-0.194656,00.3,00.9,-0.434879,20
-0.998185,-1,-0.0931085,-1,-0.786008,-0.0116881,-0.116375,-0.461503,-0.652174,-0.194656,00.3,00.9,-0.528698,20.8
-0.998873,-1,-0.0931085,-1,-0.786008,000.0,000.0,-0.293528,-0.652174,-0.194656,00.3,00.9,-0.414459,21.2
-0.998257,-1,-0.0931085,-1,-0.786008,-0.113623,-0.30587,-0.386554,-0.652174,-0.194656,00.3,01.0,-0.593267,20.3
-0.999217,-0.5,-0.677419,-1,-0.831276,000.2,-0.369722,-0.223217,-0.73913,-0.641221,00.4,01,-0.803532,28
-0.999139,-0.5,-0.677419,-1,-0.831276,000.2,000.4,-0.223217,-0.73913,-0.641221,00.4,01.0,-0.69702,23.9
-0.99932,-0.5,-0.677419,-1,-0.831276,000.1,-0.396498,-0.223217,-0.73913,-0.641221,00.4,01,-0.724614,24.8
-0.999344,-0.5,-0.677419,-1,-0.831276,-0.00134125,-0.0978373,-0.223217,-0.73913,-0.641221,00.4,01.0,-0.681015,22.9
-0.999005,-1,-0.704545,-1,-0.736626,000.1,-0.0710608,-0.336213,-0.826087,-0.770992,00.3,01,-0.56457,23.9
-0.998853,-1,-0.704545,-1,-0.736626,000.2,000.1,-0.398358,-0.826087,-0.770992,00.3,01.0,-0.735099,26.6
-0.998976,-1,-0.704545,-1,-0.736626,-0.05959,-0.130793,-0.400267,-0.826087,-0.770992,00.3,01.0,-0.385762,22.5
-0.998535,-1,-0.704545,-1,-0.736626,-0.0189692,000.1,-0.523866,-0.826087,-0.770992,00.3,01.0,-0.629691,22.2
-0.99887,-1,-0.783724,-1,-0.572016,000.3,000.7,-0.583137,-0.913043,-0.683206,00.1,01,-0.791943,23.6
-0.99895,-1,-0.783724,-1,-0.572016,000.3,000.2,-0.584447,-0.913043,-0.683206,00.1,01.0,-0.780905,28.7
-0.999089,-1,-0.783724,-1,-0.572016,000.1,000.3,-0.643045,-0.913043,-0.683206,00.1,01.0,-0.609272,22.6
-0.999258,-1,-0.783724,-1,-0.572016,000.1,000.5,-0.643081,-0.913043,-0.683206,00.1,01.0,-0.642936,22
-0.999197,-0.44,00.1,-1,-0.674897,000.1,000.0,-0.538725,-0.73913,-0.683206,00.2,01.0,-0.645143,22.9
-0.999496,-0.44,00.1,-1,-0.674897,000.0,-0.46447,-0.538725,-0.73913,-0.683206,00.2,01.0,-0.752759,25
-0.999177,-0.44,00.1,-1,-0.674897,000.0,000.5,-0.547982,-0.73913,-0.683206,00.2,01,-0.511038,20.6
-0.997399,-1,-0.821848,-1,-0.753086,000.2,000.1,-0.56977,-0.913043,-0.660305,00.1,00.8,-0.728477,28.4
-0.997556,-1,-0.821848,-1,-0.753086,-0.00287411,000.4,-0.56977,-0.913043,-0.660305,00.1,01.0,-0.469647,21.4
-0.997426,-1,-0.821848,-1,-0.753086,000.7,000.5,-0.56977,-0.913043,-0.660305,00.1,01,-0.863135,38.7
-0.998302,-1,-0.821848,-1,-0.753086,000.6,-0.299691,-0.56977,-0.913043,-0.660305,00.1,01.0,-0.898455,43.8
-0.9986,-1,-0.821848,-1,-0.753086,000.5,000.2,-0.56977,-0.913043,-0.660305,00.1,01,-0.753863,33.2
-0.9968,-1,-0.406158,-1,-0.444444,000.2,000.6,-0.700243,-0.652174,-0.248092,00.8,01.0,-0.575607,27.5
-0.997572,-1,-0.406158,-1,-0.444444,000.2,000.4,-0.686002,-0.652174,-0.248092,00.8,01.0,-0.672185,26.5
-0.995,-1,-0.406158,-1,-0.444444,000.1,000.7,-0.711719,-0.652174,-0.248092,00.8,-0.644561,-0.50883,18.6
-0.995385,-1,-0.406158,-1,-0.444444,-0.0128377,000.7,-0.711719,-0.652174,-0.248092,00.8,01.0,-0.353753,19.3
-0.997004,-1,-0.406158,-1,-0.444444,-0.00134125,000.8,-0.765134,-0.652174,-0.248092,00.8,01.0,-0.415011,20.1
-0.997161,-1,-0.406158,-1,-0.444444,-0.122437,000.9,-0.822259,-0.652174,-0.248092,00.8,01.0,-0.186534,19.5
-0.996294,-1,-0.406158,-1,-0.444444,-0.128185,000.8,-0.803326,-0.652174,-0.248092,00.8,01.0,-0.0656733,19.5
-0.997193,-1,-0.406158,-1,-0.444444,-0.0166699,000.7,-0.81944,-0.652174,-0.248092,00.8,01.0,-0.317881,20.4
-0.997264,-1,-0.406158,-1,-0.444444,000.1,000.9,-0.76297,-0.652174,-0.248092,00.8,01.0,-0.418322,19.8
-0.994216,-1,-0.406158,-1,-0.444444,000.0,000.8,-0.742564,-0.652174,-0.248092,00.8,01.0,-0.237307,19.4
-0.997716,-1,-0.406158,-1,-0.444444,000.0,000.1,-0.700243,-0.652174,-0.248092,00.8,01.0,-0.378035,21.7
-0.997875,-1,-0.299853,-1,-0.333333,000.2,000.6,-0.718484,-0.565217,-0.0648855,00.1,01.0,-0.534768,22.8
-0.997371,-1,-0.299853,-1,-0.333333,-0.0986779,000.9,-0.777428,-0.565217,-0.0648855,00.1,01.0,-0.200883,18.8
-0.995149,-1,-0.299853,-1,-0.333333,-0.0300824,000.9,-0.742036,-0.565217,-0.0648855,00.1,01,-0.152318,18.7
-0.996943,-1,-0.299853,-1,-0.333333,000.0,000.7,-0.795051,-0.565217,-0.0648855,00.1,01.0,-0.518764,18.5
-0.99629,-1,-0.299853,-1,-0.333333,-0.0929297,000.8,-0.757477,-0.565217,-0.0648855,00.1,00.7,-0.225717,18.3
-0.997184,-1,-0.299853,-1,-0.333333,000.0,000.4,-0.708918,-0.565217,-0.0648855,00.1,01.0,-0.431015,21.2
-0.996748,-1,-0.299853,-1,-0.333333,-0.0572907,000.6,-0.705772,-0.565217,-0.0648855,00.1,01.0,-0.527042,19.2
-0.997207,-1,-0.299853,-1,-0.333333,-0.11439,000.4,-0.754858,-0.565217,-0.0648855,00.1,00.7,-0.247241,20.4
-0.996888,-1,-0.299853,-1,-0.333333,-0.168423,000.3,-0.703626,-0.565217,-0.0648855,00.1,01.0,-0.344371,19.3
-0.998591,-1,00.8,-1,-0.193416,-0.115156,000.4,-0.794833,-0.913043,-0.996183,00.4,01.0,-0.302428,22
-0.998531,-1,00.8,-1,-0.193416,-0.0638053,000.7,-0.8058,-0.913043,-0.996183,00.4,00.9,-0.307947,20.3
-0.998052,-1,00.8,-1,-0.193416,-0.0802836,000.9,-0.825896,-0.913043,-0.996183,00.4,00.9,-0.10596,20.5
-0.996762,-1,00.8,-1,-0.193416,-0.120521,000.9,-0.851813,-0.913043,-0.996183,00.4,00.9,00.3,17.3
-0.997928,-1,00.8,-1,-0.193416,-0.111707,000.9,-0.840555,-0.913043,-0.996183,00.4,00.9,-0.125276,18.8
-0.996343,-1,00.8,-1,-0.193416,-0.0707032,000.8,-0.842992,-0.913043,-0.996183,00.4,00.9,-0.278146,21.4
-0.991435,-1,00.8,-1,-0.193416,-0.213642,000.9,-0.885859,-0.913043,-0.996183,00.4,00.8,00.4,15.7
-0.994317,-1,00.6,-1,-0.0164609,-0.182985,000.9,-0.880203,-0.73913,-0.0458015,00.8,01.0,-0.146799,16.2
-0.992827,-1,00.6,-1,-0.0164609,000.1,001.0,-0.875801,-0.73913,-0.0458015,00.8,01,-0.246137,18
-0.980332,-1,00.6,-1,-0.0164609,-0.204445,000.9,-0.845356,-0.73913,-0.0458015,00.8,01,-0.0833333,14.3
-0.992498,-1,00.6,-1,-0.0164609,000.1,001.0,-0.820149,-0.73913,-0.0458015,00.8,01.0,-0.40011,19.2
-0.973325,-1,00.6,-1,-0.0164609,000.1,001.0,-0.792414,-0.73913,-0.0458015,00.8,01,-0.418874,19.6
-0.986878,-1,00.6,-1,-0.0164609,000.1,001.0,-0.782157,-0.73913,-0.0458015,00.8,00.9,-0.481788,23
-0.992728,-1,00.6,-1,-0.0164609,-0.13355,000.9,-0.75624,-0.73913,-0.0458015,00.8,01.0,-0.266004,18.4
-0.978198,-1,00.6,-1,-0.0164609,-0.158459,001.0,-0.778774,-0.73913,-0.0458015,00.8,00.3,-0.140177,15.6
-0.987603,-1,00.6,-1,-0.0164609,000.1,001.0,-0.821568,-0.73913,-0.0458015,00.8,01.0,-0.159492,18.1
-0.992889,-1,00.6,-1,-0.0164609,-0.0875647,000.9,-0.847721,-0.73913,-0.0458015,00.8,00.9,-0.162804,17.4
-0.992222,-1,00.6,-1,-0.0164609,000.1,001.0,-0.869018,-0.73913,-0.0458015,00.8,01.0,-0.290287,17.1
-0.994527,-1,00.6,-1,-0.0164609,-0.120138,001.0,-0.901972,-0.73913,-0.0458015,00.8,01.0,00.1,13.3
-0.987902,-1,00.6,-1,-0.0164609,-0.0074727,001.0,-0.901954,-0.73913,-0.0458015,00.8,01,-0.0767108,17.8
-0.993603,-1,00.6,-1,-0.0164609,000.0,000.9,-0.912284,-0.73913,-0.0458015,00.8,01.0,00.2,14
-0.963531,-1,00.6,-1,-0.0164609,-0.441272,01,-0.943657,-0.73913,-0.0458015,00.8,01,00.8,14.4
-0.925486,-1,00.4,01,01,-0.294118,01,-0.965081,-0.652174,-0.175573,-0.553191,01,00.4,13.4
-0.908034,-1,00.4,-1,01,-0.269209,01,-0.948676,-0.652174,-0.175573,-0.553191,01,00.4,15.6
-0.937655,-1,00.4,-1,01,-0.485725,001.0,-0.960662,-0.652174,-0.175573,-0.553191,01,00.5,11.8
-0.946656,-1,00.4,-1,01,-0.0155202,01,-0.947349,-0.652174,-0.175573,-0.553191,-0.129608,00.4,13.8
-0.951698,-1,00.4,-1,01,-0.207894,01,-0.929617,-0.652174,-0.175573,-0.553191,-0.147965,-0.1766,15.6
-0.946897,-1,00.4,-1,01,-0.476911,000.9,-0.939765,-0.652174,-0.175573,-0.553191,01.0,00.5,14.6
-0.947743,-1,00.4,-1,01,-0.377275,000.9,-0.927252,-0.652174,-0.175573,-0.553191,00.8,00.5,17.8
-0.938684,-1,00.4,-1,01,-0.219774,000.9,-0.927962,-0.652174,-0.175573,-0.553191,00.8,00.1,15.4
-0.962903,-1,00.4,-1,01,-0.0185859,000.9,-0.911175,-0.652174,-0.175573,-0.553191,00.9,-0.317329,21.5
-0.966506,-1,00.4,-1,01,-0.293734,01,-0.915976,-0.652174,-0.175573,-0.553191,00.7,-0.362583,19.6
-0.974817,-1,00.4,01,01,-0.443955,000.8,-0.912594,-0.652174,-0.175573,-0.553191,00.7,-0.4266,15.3
-0.95183,-1,00.4,-1,01,-0.176854,001.0,-0.910229,-0.652174,-0.175573,-0.553191,00.3,-0.224062,19.4
-0.968359,-1,00.4,01,01,-0.0159034,000.9,-0.887277,-0.652174,-0.175573,-0.553191,00.6,-0.261038,17
-0.920677,-1,00.4,01,01,-0.00708948,000.6,-0.887987,-0.652174,-0.175573,-0.553191,-0.557769,-0.266556,15.6
-0.945142,-1,00.4,-1,01,-0.344319,000.9,-0.889642,-0.652174,-0.175573,-0.553191,-0.554642,-0.204746,13.1
-0.972637,-1,00.4,-1,-0.0946502,000.3,000.9,-0.864016,-0.652174,-0.175573,-0.553191,00.8,-0.842163,41.3
-0.969956,-1,00.4,-1,-0.0946502,-0.040046,01,-0.885841,-0.652174,-0.175573,-0.553191,00.8,-0.740618,24.3
-0.968108,-1,00.4,-1,01,000.1,01,-0.884276,-0.652174,-0.175573,-0.553191,00.8,-0.687638,23.3
-0.971515,-1,00.4,01,-0.0946502,000.0,000.8,-0.878366,-0.652174,-0.175573,-0.553191,00.7,-0.791943,27
-0.967246,-1,00.4,-1,-0.0946502,000.5,000.8,-0.846993,-0.652174,-0.175573,-0.553191,00.9,-1,50
-0.95892,-1,00.4,01,-0.0946502,000.6,001.0,-0.834299,-0.652174,-0.175573,-0.553191,01.0,-0.989514,50
-0.965995,-1,00.4,01,-0.0946502,000.8,000.9,-0.812238,-0.652174,-0.175573,-0.553191,01.0,-0.912252,50
-0.949735,-1,00.4,-1,-0.0946502,-0.121288,000.8,-0.764952,-0.652174,-0.175573,-0.553191,01.0,-0.453091,22.7
-0.934412,-1,00.4,-1,-0.0946502,-0.0266335,000.9,-0.790159,-0.652174,-0.175573,-0.553191,00.2,-0.554084,25
-0.954954,-1,00.4,-1,-0.0946502,000.7,000.9,-0.833353,-0.652174,-0.175573,-0.553191,00.9,-0.89128,50
-0.959673,-1,00.4,-1,-0.0946502,-0.112474,000.6,-0.764243,-0.652174,-0.175573,-0.553191,00.1,-0.425497,23.8
-0.94843,-1,00.4,-1,-0.0946502,000.1,000.9,-0.823514,-0.652174,-0.175573,-0.553191,00.5,-0.482892,23.8
-0.945078,-1,00.4,-1,-0.0946502,000.1,000.9,-0.79396,-0.652174,-0.175573,-0.553191,00.7,-0.470751,22.3
-0.973,-1,00.4,-1,-0.0946502,-0.11324,000.9,-0.764243,-0.652174,-0.175573,-0.553191,00.5,-0.299117,17.4
-0.948127,-1,00.4,-1,-0.0946502,-0.111324,000.9,-0.771008,-0.652174,-0.175573,-0.553191,00.8,-0.431567,19.1
-0.997014,-1,-0.736804,-1,-0.485597,-0.229354,000.8,-0.733288,-0.652174,-0.583969,-0.148936,01,-0.284768,23.1
-0.998079,-1,-0.736804,-1,-0.485597,000.1,000.7,-0.724159,-0.652174,-0.583969,-0.148936,01.0,-0.596578,23.6
-0.998243,-1,-0.736804,-1,-0.485597,-0.119372,000.4,-0.714047,-0.652174,-0.583969,-0.148936,01.0,-0.563466,22.6
-0.998644,-1,-0.736804,-1,-0.485597,000.1,-0.377961,-0.63577,-0.652174,-0.583969,-0.148936,01.0,-0.801325,29.4
-0.998564,-1,-0.736804,-1,-0.485597,-0.0576739,-0.0875386,-0.558912,-0.652174,-0.583969,-0.148936,01.0,-0.537528,23.2
-0.998923,-1,-0.736804,-1,-0.485597,000.1,000.5,-0.602088,-0.652174,-0.583969,-0.148936,01.0,-0.748344,24.6
-0.998649,-1,-0.736804,-1,-0.485597,000.3,000.5,-0.675236,-0.652174,-0.583969,-0.148936,01.0,-0.713576,29.9
-0.998843,-1,-0.853372,-1,-0.576132,000.3,000.1,-0.690931,-0.826087,-0.977099,00.1,01,-0.817329,37.2
-0.998661,-1,-0.853372,-1,-0.576132,000.6,000.7,-0.706936,-0.826087,-0.977099,00.1,01.0,-0.678256,39.8
-0.998594,-1,-0.853372,-1,-0.576132,-0.0101552,000.2,-0.732961,-0.826087,-0.977099,00.1,01,-0.573951,36.2
-0.998096,-1,-0.853372,-1,-0.576132,000.4,000.8,-0.714283,-0.826087,-0.977099,00.1,01.0,-0.82947,37.9
-0.997892,-1,-0.853372,-1,-0.576132,000.2,000.9,-0.687657,-0.826087,-0.977099,00.1,01,-0.782009,32.5
-0.998274,-1,-0.853372,-1,-0.576132,-0.217091,000.8,-0.662032,-0.826087,-0.977099,00.1,01.0,-0.323951,26.4
-0.998783,-1,-0.853372,-1,-0.576132,-0.00670627,000.4,-0.608963,-0.826087,-0.977099,00.1,01.0,-0.369757,29.6
-0.998883,-1,-0.853372,-1,-0.576132,000.6,000.0,-0.623603,-0.826087,-0.977099,00.1,01.0,-0.84989,50
-0.998372,-0.1,-0.781525,-1,-0.786008,000.2,-0.213182,-0.516409,-0.652174,-0.194656,-0.446809,01.0,-0.726821,32
-0.997314,-0.1,-0.781525,-1,-0.786008,000.1,-0.46035,-0.374897,-0.652174,-0.194656,-0.446809,00.9,-0.843819,29.8
-0.998261,-0.1,-0.781525,-1,-0.786008,000.4,-0.258496,-0.374897,-0.652174,-0.194656,-0.446809,01,-0.798013,34.9
-0.998104,-0.1,-0.781525,-1,-0.786008,000.3,-0.61689,-0.0269621,-0.652174,-0.194656,-0.446809,00.9,-0.814018,37
-0.998589,-0.1,-0.781525,-1,-0.786008,000.2,-0.425335,-0.0269621,-0.652174,-0.194656,-0.446809,01.0,-0.836645,30.5
-0.998194,-0.1,-0.781525,-1,-0.786008,000.4,-0.518023,-0.0269621,-0.652174,-0.194656,-0.446809,01.0,-0.937086,36.4
-0.99965,000.2,-0.818915,-1,-0.934156,000.2,-0.855819,-0.0742846,-1,-0.70229,-0.361702,01.0,-0.817881,31.1
-0.999819,000.2,-0.818915,-1,-0.934156,000.2,-0.672503,-0.0742846,-1,-0.70229,-0.361702,00.9,-0.853753,29.1
-0.999832,000.6,-1,-1,-0.847737,000.7,-0.400618,-0.178168,-0.73913,-0.740458,-0.617021,01.0,-0.931567,50
-0.99924,000.6,-0.922287,-1,-0.921811,000.4,-0.357364,000.1,-0.913043,-0.458015,-1,01,-0.870309,33.3
-0.999093,000.6,-0.922287,-1,-0.921811,000.4,-0.30587,000.1,-0.913043,-0.458015,-1,00.8,-0.620309,30.3
-0.999295,000.6,-0.922287,-1,-0.921811,000.4,-0.270855,000.1,-0.913043,-0.458015,-1,01.0,-0.730132,34.6
-0.999434,000.9,-0.925953,-1,-0.925926,000.3,-0.744593,000.2,-0.826087,-0.179389,-0.0638298,01,-0.843819,34.9
-0.999742,000.9,-0.925953,-1,-0.925926,000.4,-0.773429,000.2,-0.826087,-0.179389,-0.0638298,00.9,-0.84989,32.9
-0.999368,000.7,-0.884897,-1,-0.876543,-0.00325733,-0.268795,-0.0651184,-0.913043,-0.385496,-0.553191,01.0,-0.68543,24.1
-0.999653,000.7,-0.884897,-1,-0.876543,000.6,-0.736354,-0.0651184,-0.913043,-0.385496,-0.553191,01.0,-0.923841,42.3
-0.999353,000.9,-0.837243,-1,-0.872016,000.6,-0.375901,-0.274632,-0.73913,-0.858779,-0.553191,01.0,-0.88521,48.5
-0.99969,000.9,-0.837243,-1,-0.872016,000.7,-0.402678,-0.274632,-0.73913,-0.858779,-0.553191,01.0,-0.936534,50
-0.997075,-1,-0.257331,-1,-0.572016,-0.107109,-0.600412,-0.487892,-0.73913,-0.656489,00.3,01,-0.495585,22.6
-0.994979,-1,-0.257331,-1,-0.572016,000.1,000.0,-0.413417,-0.73913,-0.656489,00.3,01.0,-0.490066,24.4
-0.994477,-1,-0.257331,-1,-0.572016,-0.148496,000.4,-0.413417,-0.73913,-0.656489,00.3,01.0,-0.0987859,22.5
-0.997088,-1,-0.257331,01,-0.572016,-0.0408124,000.2,-0.434459,-0.73913,-0.656489,00.3,00.9,-0.286424,24.4
-0.990348,-1,-0.257331,01,-0.572016,-0.316727,01,-0.500696,-0.73913,-0.656489,00.3,01,00.2,20
-0.99622,-1,-0.257331,01,-0.572016,-0.0806668,000.8,-0.500314,-0.73913,-0.656489,00.3,01.0,-0.142384,21.7
-0.991695,-1,-0.257331,01,-0.572016,-0.293734,000.8,-0.538888,-0.73913,-0.656489,00.3,01.0,00.2,19.3
-0.99526,-1,-0.257331,01,-0.572016,-0.139299,000.0,-0.541143,-0.73913,-0.656489,00.3,01.0,-0.210817,22.4
-0.996983,-1,-0.257331,-1,-0.572016,000.1,-0.394439,-0.487892,-0.73913,-0.656489,00.3,00.9,-0.577815,28.1
-0.993633,-1,-0.257331,-1,-0.572016,-0.290669,-0.857878,-0.552983,-0.73913,-0.656489,00.3,00.8,00.5,23.7
-0.995691,-1,-0.257331,-1,-0.572016,000.0,-0.186406,-0.487892,-0.73913,-0.656489,00.3,01.0,-0.572848,25
-0.999117,-1,-0.0153959,01,-0.320988,-0.108258,000.1,-0.639444,-0.652174,-0.660305,-0.191489,01.0,-0.34989,23.3
-0.998566,-1,-0.0153959,-1,-0.320988,000.2,000.7,-0.583246,-0.652174,-0.660305,-0.191489,01.0,-0.560706,28.7
-0.997654,-1,-0.0153959,01,-0.320988,-0.0841157,000.9,-0.679964,-0.652174,-0.660305,-0.191489,01,-0.106512,21.5
-0.997574,-1,-0.0153959,01,-0.320988,000.1,000.8,-0.593758,-0.652174,-0.660305,-0.191489,01.0,-0.516004,23
-0.992092,-1,-0.579179,01,-0.497942,000.3,000.8,-0.684984,-0.391304,-0.541985,00.0,01.0,-0.559603,26.7
-0.990977,-1,-0.579179,01,-0.497942,-0.0024909,000.8,-0.651102,-0.391304,-0.541985,00.0,01.0,00.1,21.7
-0.986125,-1,-0.579179,01,-0.497942,000.3,000.5,-0.610345,-0.391304,-0.541985,00.0,01.0,-0.547461,27.5
-0.986324,-1,-0.579179,-1,-0.497942,000.2,000.6,-0.610345,-0.391304,-0.541985,00.0,01,-0.676049,30.1
-0.993054,-1,-0.579179,-1,-0.510288,000.8,000.6,-0.679037,-0.391304,-0.541985,00.0,00.9,-0.866998,44.8
-0.988297,-1,-0.579179,-1,-0.510288,001.0,000.7,-0.679037,-0.391304,-0.541985,00.0,00.9,-0.839956,50
-0.991552,-1,-0.579179,-1,-0.510288,000.7,000.7,-0.620602,-0.391304,-0.541985,00.0,01.0,-0.922737,37.6
-0.990872,-1,-0.579179,-1,-0.510288,000.4,000.6,-0.620602,-0.391304,-0.541985,00.0,00.9,-0.744481,31.6
-0.993439,-1,-0.579179,-1,-0.510288,000.6,-0.709578,-0.591612,-0.391304,-0.541985,00.0,00.9,-0.879139,46.7
-0.990211,-1,-0.579179,-1,-0.510288,000.1,-0.61895,-0.591612,-0.391304,-0.541985,00.0,00.9,-0.887969,31.5
-0.988071,-1,-0.579179,-1,-0.510288,-0.0726193,000.3,-0.537706,-0.391304,-0.541985,00.0,00.9,-0.452539,24.3
-0.989735,-1,-0.579179,-1,-0.510288,000.5,000.5,-0.537706,-0.391304,-0.541985,00.0,00.9,-0.80574,31.7
-0.98721,-1,-0.579179,-1,-0.497942,000.8,000.5,-0.507352,-0.391304,-0.541985,00.0,00.9,-0.959161,41.7
-0.992691,-1,-0.579179,-1,-0.497942,000.8,000.4,-0.541271,-0.391304,-0.541985,00.0,00.9,-0.877483,48.3
-0.990073,-1,-0.579179,01,-0.497942,000.2,000.3,-0.541271,-0.391304,-0.541985,00.0,00.8,-0.651214,29
-0.992714,-1,-0.579179,-1,-0.497942,-0.0323817,000.2,-0.541271,-0.391304,-0.541985,00.0,00.9,-0.495033,24
-0.98844,-1,-0.579179,01,-0.497942,000.2,000.5,-0.451045,-0.391304,-0.541985,00.0,01.0,-0.568985,25.1
-0.988636,-1,-0.579179,-1,-0.497942,000.5,000.4,-0.451045,-0.391304,-0.541985,00.0,01.0,-0.834437,31.5
-0.998289,-0.4,-0.672287,-1,-0.823045,000.1,-0.678682,-0.0796861,-0.565217,-0.568702,-0.148936,00.9,-0.744481,23.7
-0.998062,-0.4,-0.672287,-1,-0.823045,000.2,-0.190525,-0.0796861,-0.565217,-0.568702,-0.148936,00.9,-0.688742,23.3
-0.997595,-0.4,-0.672287,-1,-0.823045,000.3,000.1,-0.0530968,-0.565217,-0.568702,-0.148936,01.0,-0.467439,22
-0.997757,-0.4,-0.672287,-1,-0.823045,-0.0289327,000.3,-0.0530968,-0.565217,-0.568702,-0.148936,01.0,-0.411148,20.1
-0.997829,-0.4,-0.672287,-1,-0.823045,000.1,000.0,000.1,-0.565217,-0.568702,-0.148936,00.9,-0.476269,22.2
-0.997274,-0.4,-0.672287,-1,-0.823045,000.1,-0.899073,000.1,-0.565217,-0.568702,-0.148936,00.9,-0.809051,23.7
-0.995509,-0.56,-0.604106,-1,-0.8107,-0.221307,000.5,000.2,-0.478261,-0.454198,00.4,00.9,-0.405629,17.6
-0.995841,-0.56,-0.604106,-1,-0.8107,-0.216708,000.4,000.2,-0.478261,-0.454198,00.4,01.0,-0.0767108,18.5
-0.992503,-0.56,-0.604106,-1,-0.8107,-0.0239509,-0.340886,000.3,-0.478261,-0.454198,00.4,01.0,-0.589956,24.3
-0.995723,-0.56,-0.604106,-1,-0.8107,000.0,000.6,000.3,-0.478261,-0.454198,00.4,00.9,-0.53532,20.5
-0.996447,-0.56,-0.604106,-1,-0.8107,000.1,-0.0484037,000.2,-0.478261,-0.454198,00.4,00.9,-0.570088,24.5
-0.995855,-0.56,-0.604106,-1,-0.8107,000.2,-0.699279,000.2,-0.478261,-0.454198,00.4,01.0,-0.733444,26.2
-0.996988,-0.56,-0.604106,-1,-0.8107,000.1,-0.791967,000.1,-0.478261,-0.454198,00.4,01.0,-0.769868,24.4
-0.995329,-0.56,-0.604106,-1,-0.8107,000.1,-0.876416,000.1,-0.478261,-0.454198,00.4,00.9,-0.897351,24.8
-0.998294,-0.56,-0.604106,-1,-0.8107,000.3,-0.91967,000.4,-0.478261,-0.454198,00.4,00.9,-0.900662,29.6
-0.991848,-0.56,-0.604106,-1,-0.8107,000.8,-0.886715,000.4,-0.478261,-0.454198,00.4,01,-0.90011,42.8
-0.999059,000.6,-0.766862,-1,-0.971193,-0.0239509,-0.400618,000.5,-1,-0.51145,-0.191489,01.0,-0.732892,21.9
-0.999344,000.6,-0.766862,-1,-0.971193,-0.112857,-0.666323,000.5,-1,-0.51145,-0.191489,01.0,-0.584989,20.9
-0.999796,000.8,-0.758798,-1,-0.962963,000.5,-0.355304,-0.0530968,-0.826087,-0.782443,-0.297872,00.9,-0.923841,44
-0.986395,-0.6,-0.742669,-1,000.1,001.0,000.7,-0.877893,-0.652174,-0.706107,-0.914894,01.0,-0.812914,50
-0.985227,-0.6,-0.742669,-1,000.1,000.4,01,-0.86087,-0.652174,-0.706107,-0.914894,00.9,-0.665563,36
-0.985381,-0.6,-0.742669,-1,000.1,000.3,01,-0.839755,-0.652174,-0.706107,-0.914894,01.0,-0.71468,30.1
-0.988001,-0.6,-0.742669,-1,000.1,000.4,000.6,-0.821313,-0.652174,-0.706107,-0.914894,01.0,-0.566225,33.8
-0.988135,-0.6,-0.742669,-1,000.1,000.5,000.8,-0.816275,-0.652174,-0.706107,-0.914894,01.0,-0.694812,43.1
-0.98845,-0.6,-0.742669,-1,000.1,000.9,000.8,-0.789232,-0.652174,-0.706107,-0.914894,00.9,-0.769316,48.8
-0.981591,-0.6,-0.742669,-1,000.1,000.4,000.9,-0.82737,-0.652174,-0.706107,-0.914894,01.0,-0.474614,31
-0.987777,-0.6,-0.742669,-1,000.1,000.4,000.8,-0.854414,-0.652174,-0.706107,-0.914894,01.0,-0.648455,36.5
-0.983021,-0.6,-0.742669,-1,000.1,-0.233953,000.2,-0.844156,-0.652174,-0.706107,-0.914894,01.0,-0.518764,22.8
-0.98248,-0.6,-0.742669,-1,000.1,000.3,000.7,-0.81753,-0.652174,-0.706107,-0.914894,00.9,-0.279249,30.7
-0.987141,-0.6,-0.742669,-1,-0.218107,000.8,000.3,-0.765025,-0.652174,-0.706107,-0.914894,00.9,-0.684879,50
-0.987992,-0.6,-0.742669,-1,-0.218107,000.5,000.0,-0.683111,-0.652174,-0.706107,-0.914894,01.0,-0.921082,43.5
-0.998104,-0.6,-0.52346,01,-0.674897,-0.0959954,000.2,-0.492966,-0.826087,-0.862595,00.3,01.0,-0.342163,20.7
-0.993417,-0.6,-0.52346,-1,-0.674897,-0.120521,-0.192585,-0.39994,-0.826087,-0.862595,00.3,01.0,-0.378035,21.1
-0.996498,-0.6,-0.52346,-1,-0.674897,000.0,-0.723996,-0.39994,-0.826087,-0.862595,00.3,01,-0.731788,25.2
-0.997566,-0.6,-0.52346,-1,-0.674897,000.1,000.1,-0.492966,-0.826087,-0.862595,00.3,01.0,-0.668874,24.4
-0.995154,-0.6,-0.52346,01,-0.674897,000.6,000.0,-0.411307,-0.826087,-0.862595,00.3,01.0,-0.73234,35.2
-0.998873,-0.2,-0.563783,01,-0.744856,000.2,-0.38208,-0.463849,-0.73913,-0.744275,00.1,01,-0.900662,32.4
-0.997983,-0.2,-0.563783,-1,-0.744856,000.3,-0.178167,-0.429348,-0.73913,-0.744275,00.1,01,-0.931015,32
-0.997789,-0.2,-0.563783,01,-0.744856,000.4,-0.0504634,-0.334794,-0.73913,-0.744275,00.1,01.0,-0.761589,33.2
-0.998765,-0.2,-0.563783,01,-0.744856,000.3,-0.491246,-0.321045,-0.73913,-0.744275,00.1,01.0,-0.865894,33.1
-0.998349,-0.2,-0.563783,-1,-0.744856,000.1,-0.398558,-0.452446,-0.73913,-0.744275,00.1,01,-0.698675,29.1
-0.995413,-0.6,-0.789589,-1,-0.761728,000.2,-0.396498,-0.459648,-0.652174,-0.889313,-0.510638,01,-0.827815,35.1
-0.999338,-0.6,-0.789589,-1,-0.761728,000.6,000.3,-0.351617,-0.652174,-0.889313,-0.510638,01.0,-0.887969,45.4
-0.999309,-0.6,-0.789589,-1,-0.761728,000.3,-0.293512,-0.251589,-0.652174,-0.889313,-0.510638,01.0,-0.842163,35.4
-0.998764,-0.6,-0.789589,01,-0.761728,000.6,-0.0360453,-0.257554,-0.652174,-0.889313,-0.510638,00.9,-0.92936,46
-0.999805,000.8,-0.945015,01,-0.934156,000.7,-0.548919,-0.135138,-1,-0.958015,-0.787234,01.0,-0.921082,50
-0.999938,000.8,-0.815982,-1,-0.938272,000.4,-0.631308,000.1,-1,-0.625954,-0.425532,01.0,-0.662252,32.2
-0.999896,000.1,-0.868768,-1,-0.983539,000.1,-0.402678,000.1,-1,-0.568702,-0.425532,01.0,-0.64128,22
-0.9997,000.6,-0.904692,-1,-1,000.0,-0.410917,000.4,-1,-0.793893,00.2,00.7,-0.381898,20.1
-0.999272,000.1,-0.643695,-1,-0.917695,000.0,-0.415036,000.1,-0.565217,-0.59542,-0.148936,01,-0.701435,23.2
-0.99911,000.1,-0.643695,-1,-0.917695,000.1,-0.120494,000.1,-0.565217,-0.59542,-0.148936,01,-0.676049,22.3
-0.999176,000.1,-0.643695,-1,-0.917695,000.2,-0.588054,000.1,-0.565217,-0.59542,-0.148936,00.9,-0.57064,24.8
-0.999355,000.6,-0.670821,-1,-0.893004,000.3,-0.485067,-0.274868,-0.73913,-0.778626,00.4,01,-0.9117,28.5
-0.998369,000.6,-0.670821,-1,-0.893004,000.4,-0.489186,-0.274868,-0.73913,-0.778626,00.4,01,-0.899007,37.3
-0.999329,000.6,-0.670821,-1,-0.893004,000.2,-0.577755,-0.274868,-0.73913,-0.778626,00.4,01,-0.836093,27.9
-0.998284,-1,-0.0131965,-1,-0.786008,-0.0166699,-0.680742,-0.204667,-0.73913,-0.610687,-0.276596,01,-0.621965,23.9
-0.998299,-1,-0.0131965,-1,-0.786008,-0.0618893,-0.188465,-0.204667,-0.73913,-0.610687,-0.276596,01,-0.521523,21.7
-0.997235,-1,-0.0131965,-1,-0.786008,000.2,-0.419156,-0.121425,-0.73913,-0.610687,-0.276596,01,-0.749448,28.6
-0.998934,-1,-0.0131965,-1,-0.786008,000.1,-0.0092688,-0.121425,-0.73913,-0.610687,-0.276596,01.0,-0.687638,27.1
-0.996972,-1,-0.0131965,-1,-0.786008,-0.145813,000.1,-0.0560249,-0.73913,-0.610687,-0.276596,01,-0.221302,20.3
-0.998689,000.4,-0.869501,-1,-0.938272,000.1,-0.645726,000.2,-0.652174,-0.347328,-0.531915,00.9,-0.821192,22.5
-0.998892,000.4,-0.869501,-1,-0.938272,000.3,-0.853759,000.2,-0.652174,-0.347328,-0.531915,00.9,-0.833885,29
-0.999149,000.4,-0.869501,-1,-0.938272,000.3,-0.0834192,000.2,-0.652174,-0.347328,-0.531915,01.0,-0.760486,24.8
-0.999347,-0.32,-0.587243,-1,-0.802469,000.2,-0.2276,-0.206667,-0.478261,-0.458015,-0.255319,01.0,-0.571192,22
-0.998059,-0.32,-0.587243,-1,-0.802469,000.1,-0.680742,-0.206667,-0.478261,-0.458015,-0.255319,00.9,-0.616998,26.4
-0.997894,-0.32,-0.587243,-1,-0.802469,000.3,-0.69516,-0.206667,-0.478261,-0.458015,-0.255319,01.0,-0.827263,33.1
-0.998902,-0.34,-0.8739,-1,-0.641975,000.4,-0.213182,-0.473961,-0.478261,-0.866412,00.2,01.0,-0.713024,36.1
-0.99891,-0.34,-0.8739,-1,-0.641975,000.2,000.1,-0.59254,-0.478261,-0.866412,00.2,01.0,-0.602649,28.4
-0.998455,-0.34,-0.8739,-1,-0.641975,000.5,000.4,-0.64179,-0.478261,-0.866412,00.2,01,-0.738411,33.4
-0.999033,-0.34,-0.8739,-1,-0.641975,000.3,000.4,-0.626604,-0.478261,-0.866412,00.2,01,-0.679912,28.2
-0.98906,-1,-0.307918,-1,-0.345679,000.2,000.6,-0.602088,-0.73913,-0.553435,00.2,01,-0.844923,22.8
-0.992288,-1,-0.307918,-1,-0.345679,-0.0760682,000.5,-0.64119,-0.73913,-0.553435,00.2,01.0,-0.545254,20.3
-0.940898,-1,-0.307918,-1,-0.345679,-0.4589,-0.281153,-0.747238,-0.73913,-0.553435,00.2,00.8,-0.397903,16.1
-0.982374,-1,-0.307918,-1,-0.345679,-0.0185859,000.0,-0.72525,-0.73913,-0.553435,00.2,01,-0.765453,22.1
-0.994259,-1,-0.307918,-1,-0.345679,-0.0565242,000.8,-0.690022,-0.73913,-0.553435,00.2,01.0,-0.448675,19.4
-0.994087,-1,-0.307918,-1,-0.345679,000.0,000.6,-0.612036,-0.73913,-0.553435,00.2,01.0,-0.659492,21.6
-0.991843,-1,-0.307918,-1,-0.345679,000.2,000.7,-0.550291,-0.73913,-0.553435,00.2,01.0,-0.583333,23.8
-0.994442,-1,-0.307918,-1,-0.345679,-0.178387,000.5,-0.487965,-0.73913,-0.553435,00.2,01.0,-0.460817,16.2
-0.992988,-1,-0.307918,-1,-0.345679,-0.0982947,000.7,-0.478217,-0.73913,-0.553435,00.2,01.0,-0.0838852,17.8
-0.99463,-1,-0.307918,-1,-0.345679,-0.148879,000.4,-0.472197,-0.73913,-0.553435,00.2,01,-0.215784,19.8
-0.991105,-1,-0.307918,-1,-0.345679,000.1,000.3,-0.562986,-0.73913,-0.553435,00.2,01.0,-0.523731,23.1
-0.989454,-1,-0.307918,-1,-0.345679,-0.0220349,000.2,-0.477616,-0.73913,-0.553435,00.2,01.0,-0.392936,21
-0.996375,-1,-0.492669,-1,-0.555556,000.1,000.0,-0.37968,-0.652174,-0.618321,00.5,01,-0.698124,23.8
-0.99606,-1,-0.492669,-1,-0.555556,000.1,000.1,-0.37968,-0.652174,-0.618321,00.5,01,-0.716336,23.1
-0.992249,-1,-0.492669,-1,-0.555556,-0.0496264,-0.0319258,-0.346816,-0.652174,-0.618321,00.5,01,-0.67053,20.4
-0.99376,-1,-0.492669,-1,-0.555556,-0.177237,000.5,-0.346816,-0.652174,-0.618321,00.5,01.0,-0.447572,18.5
-0.992475,-1,-0.492669,-1,-0.555556,000.1,-0.23378,-0.346816,-0.652174,-0.618321,00.5,01,-0.757726,25
-0.995829,-1,-0.492669,-1,-0.555556,000.1,-0.756952,-0.220453,-0.652174,-0.618321,00.5,01.0,-0.815121,24.6
-0.99332,-1,-0.492669,-1,-0.555556,000.1,-0.46447,-0.220453,-0.652174,-0.618321,00.5,01,-0.756071,23
-0.994724,-1,-0.492669,-1,-0.555556,-0.0335313,-0.159629,-0.220453,-0.652174,-0.618321,00.5,01,-0.389625,22.2
-0.998655,-1,-0.796188,-1,-0.691358,-0.115923,-0.528321,-0.257063,-0.73913,-0.0725191,-0.0851064,00.9,-0.545254,19.3
-0.998631,-1,-0.796188,-1,-0.691358,000.1,-0.705458,-0.257063,-0.73913,-0.0725191,-0.0851064,00.9,-0.690397,22.6
-0.999121,-1,-0.796188,-1,-0.691358,-0.0101552,-0.396498,-0.137211,-0.73913,-0.0725191,-0.0851064,00.9,-0.593819,19.8
-0.999013,-0.3,-0.589443,-1,-0.782305,-0.178003,-0.474768,000.0,-1,-0.553435,-0.0851064,01.0,-0.409492,17.1
-0.999363,-0.3,-0.589443,-1,-0.782305,-0.0534585,-0.579815,000.0,-1,-0.553435,-0.0851064,00.8,-0.663355,19.4
-0.998999,-1,-0.653226,-1,-0.465021,000.1,-0.274974,-0.0308541,-0.652174,-0.858779,00.6,01.0,-0.782009,22.2
-0.999302,-1,-0.653226,-1,-0.465021,000.1,-0.266735,-0.0308541,-0.652174,-0.858779,00.6,01.0,-0.722958,20.7
-0.999252,-1,-0.653226,-1,-0.465021,-0.0511592,-0.349125,-0.116897,-0.652174,-0.858779,00.6,01,-0.653422,21.1
-0.999372,-1,-0.653226,-1,-0.465021,-0.115539,-0.106076,-0.254063,-0.652174,-0.858779,00.6,01,-0.554636,19.5
-0.999458,-1,-0.653226,-1,-0.465021,-0.105576,000.2,-0.184243,-0.652174,-0.858779,00.6,01.0,-0.512693,18.5
-0.999399,-1,-0.653226,-1,-0.465021,-0.0427285,-0.291452,-0.330248,-0.652174,-0.858779,00.6,01.0,-0.625828,20.6
-0.998906,-1,-0.653226,-1,-0.465021,-0.0710864,-0.124614,-0.330248,-0.652174,-0.858779,00.6,01,-0.557947,19
-0.998759,-1,-0.653226,-1,-0.465021,-0.0776011,000.1,-0.330248,-0.652174,-0.858779,00.6,01,-0.582781,18.7
-0.99985,-0.3,-0.922287,-1,-0.765432,000.4,-0.0442842,000.1,-1,-0.629771,-0.382979,01.0,-0.792494,32.7
-0.999581,-1,-0.895161,-1,-0.452675,000.1,000.2,-0.0656821,-1,-0.103053,-0.297872,01.0,-0.618102,16.5
-0.99957,000.1,-0.756598,-1,-0.592593,000.2,000.1,-0.162946,-0.652174,-0.301527,00.1,01,-0.699227,23.9
-0.999457,000.1,-0.756598,-1,-0.592593,000.3,-0.480947,-0.0295811,-0.652174,-0.301527,00.1,01.0,-0.84106,31.2
-0.999442,-1,-0.711877,-1,-0.765432,-0.0599732,-0.0607621,000.3,-0.826087,-0.370229,00.3,00.9,-0.514349,17.5
-0.998757,-1,-0.711877,-1,-0.765432,-0.104426,000.0,000.3,-0.826087,-0.370229,00.3,00.8,-0.396247,17.2
-0.999722,000.7,-0.729472,-1,-0.81893,000.1,-0.489186,000.3,-0.73913,-0.374046,00.1,01.0,-0.744481,23.1
-0.999805,000.6,-0.886364,-1,-0.794239,000.2,-0.447992,000.3,-0.73913,-0.645038,-0.0638298,01.0,-0.764901,24.5
-0.99949,-0.2,-0.942082,-1,-0.81893,000.3,-0.349125,000.4,-1,-0.435115,00.5,01.0,-0.770419,26.6
-0.998746,-0.2,-0.942082,-1,-0.81893,000.1,-0.145211,000.4,-1,-0.435115,00.5,01,-0.765453,22.9
-0.998355,000.2,-0.909824,-1,-0.893004,000.2,-0.320288,000.7,-0.73913,-0.145038,00.2,00.9,-0.792494,24.1
-0.998514,000.2,-0.909824,-1,-0.893004,-0.109791,-0.678682,000.7,-0.73913,-0.145038,00.2,01.0,-0.665563,18.6
-0.999758,000.8,-0.88563,-1,-0.897119,000.2,-0.316169,01,-0.652174,-1,-0.0638298,00.9,-0.84713,30.1
-0.999175,000.6,-0.893695,-1,-0.884774,-0.194482,-0.608651,000.7,-0.73913,-0.438931,01,00.9,-0.651214,18.2
-0.997746,000.6,-0.893695,-1,-0.884774,-0.089864,-0.658084,000.7,-0.73913,-0.438931,01,00.9,-0.788079,20.6
-0.798209,-1,00.3,01,000.6,000.0,000.9,-0.819476,01,00.8,00.6,00.9,-0.124172,17.8
-0.913603,-1,00.3,01,000.6,000.1,000.8,-0.74982,01,00.8,00.6,01.0,-0.363135,21.7
-0.883209,-1,00.3,01,000.6,-0.0166699,000.7,-0.710264,01,00.8,00.6,01.0,-0.461921,22.7
-0.90435,-1,00.3,-1,000.6,-0.0224181,000.6,-0.749111,01,00.8,00.6,01.0,-0.396247,22.6
-0.898042,-1,00.3,-1,000.6,000.1,000.8,-0.747456,01,00.8,00.6,00.9,-0.665563,25
-0.913892,-1,00.3,-1,000.6,000.0,000.8,-0.787958,01,00.8,00.6,00.8,-0.312362,19.9
-0.917457,-1,00.3,-1,000.6,-0.309829,000.9,-0.822859,01,00.8,00.6,00.9,-0.533113,20.8
-0.905225,-1,00.3,01,000.6,-0.140832,000.8,-0.859033,01,00.8,00.6,00.8,-0.287528,16.8
-0.922042,-1,00.3,01,000.4,01,000.6,-0.859033,01,00.8,00.6,00.8,-0.803532,21.9
-0.897728,-1,00.3,-1,000.4,-1,000.8,-0.912048,01,00.8,00.6,00.8,-0.702539,27.5
-0.917036,-1,00.3,-1,000.4,-0.462732,000.8,-0.88675,01,00.8,00.6,00.6,-0.322848,21.9
-0.69617,-1,00.3,-1,000.0,-0.884269,01,-0.930708,01,00.8,00.6,-0.338847,-0.359823,23.1
-0.890032,-1,00.3,-1,000.0,-0.46005,01,-0.963099,01,00.8,00.6,00.9,-0.915563,50
-0.872684,-1,00.3,01,000.0,000.2,000.9,-0.958697,01,00.8,00.6,00.9,-0.889625,50
-0.853154,-1,00.3,01,000.0,000.3,000.9,-0.98676,01,00.8,00.6,01.0,-0.932119,50
-0.792604,-1,00.3,-1,000.0,000.0,01,-0.992816,01,00.8,00.6,00.8,-0.569536,50
-0.814298,-1,00.3,01,000.2,-0.11324,000.8,-1,01,00.8,00.6,00.8,-0.605408,50
-0.750437,-1,00.3,-1,000.2,-0.484576,01,-0.991889,01,00.8,00.6,01,00.8,13.8
-0.584311,-1,00.3,-1,000.2,-0.778885,01,-0.998654,01,00.8,00.6,01,01,13.8
-0.559339,-1,00.3,-1,000.2,000.4,001.0,-0.966045,01,00.8,00.6,01,-0.353753,15
-0.656475,-1,00.3,-1,000.2,000.2,000.9,-0.960844,01,00.8,00.6,00.8,00.2,13.9
-0.779315,-1,00.3,-1,000.2,000.2,001.0,-0.958461,01,00.8,00.6,01,00.1,13.3
-0.468542,-1,00.3,-1,000.2,000.1,000.9,-0.95335,01,00.8,00.6,01,00.2,13.1
-0.598507,-1,00.3,-1,000.2,000.0,01,-0.95335,01,00.8,00.6,01.0,00.1,10.2
01,-1,00.3,-1,000.2,000.3,000.8,-0.947822,01,00.8,00.6,01,-0.145695,10.4
-0.643293,-1,00.3,-1,000.2,000.1,001.0,-0.929144,01,00.8,00.6,01,00.1,10.9
-0.793622,-1,00.3,-1,000.3,-0.24315,01,-0.918013,01,00.8,00.6,01,00.2,11.3
-0.820475,-1,00.3,-1,000.3,-0.249281,01,-0.926616,01,00.8,00.6,01,00.3,12.3
-0.548643,-1,00.3,-1,000.3,-0.690745,000.8,-0.943639,01,00.8,00.6,00.4,00.6,8.8
-0.622221,-1,00.3,-1,000.3,-0.342403,001.0,-0.946076,01,00.8,00.6,01,00.6,7.2
-0.451781,-1,00.3,-1,000.3,-0.581912,01,-0.938601,01,00.8,00.6,01,00.5,10.5
-0.49217,-1,00.3,-1,000.3,-0.448553,000.8,-0.929289,01,00.8,00.6,01,00.7,7.4
-0.677927,-1,00.3,-1,000.3,-0.494539,01,-0.916358,01,00.8,00.6,00.9,00.6,10.2
-0.816895,-1,00.3,-1,000.3,-0.299099,001.0,-0.891151,01,00.8,00.6,01,00.1,11.5
-0.843636,-1,00.3,-1,000.3,-0.175321,000.9,-0.855068,01,00.8,00.6,01.0,-0.151214,15.1
-0.881157,-1,00.3,-1,000.3,-0.0457942,000.6,-0.811183,01,00.8,00.6,00.9,-0.0601545,23.2
-0.739876,-1,00.3,-1,000.3,-0.434758,000.9,-0.883531,01,00.8,00.6,01,00.3,9.7
-0.805812,-1,00.3,-1,000.3,000.0,000.8,-0.879675,01,00.8,00.6,01,-0.258278,13.8
-0.69982,-1,00.3,-1,000.3,-0.108642,000.9,-0.88133,01,00.8,00.6,01,-0.193157,12.7
-0.804194,-1,00.3,-1,000.3,000.1,001.0,-0.891588,01,00.8,00.6,01.0,-0.150662,13.1
-0.868141,-1,00.3,-1,000.3,000.1,000.9,-0.900481,01,00.8,00.6,01,-0.0264901,12.5
-0.827679,-1,00.3,-1,000.3,-0.162292,001.0,-0.908374,01,00.8,00.6,01.0,00.0,8.5
-0.138012,-1,00.3,-1,000.3,-0.274957,01,-0.934527,01,00.8,00.6,01,00.6,5
-0.777223,-1,00.3,-1,000.3,-0.122054,000.5,-0.932563,01,00.8,00.6,00.7,00.6,6.3
